ticker,signal,sentiment,entry_date,exit_date,entry_price,exit_price,returns_pct
SPY,BUY,POSITIVE,2023-11-16 00:00:00-05:00,2023-11-20 00:00:00-05:00,441.4050598144531,445.3560485839844,0.895093674547387
SPY,BUY,POSITIVE,2023-11-16 00:00:00-05:00,2023-11-20 00:00:00-05:00,441.4050598144531,445.3560485839844,0.895093674547387
SPY,BUY,POSITIVE,2023-11-16 00:00:00-05:00,2023-11-20 00:00:00-05:00,441.4050598144531,445.3560485839844,0.895093674547387
SPY,BUY,POSITIVE,2023-12-07 00:00:00-05:00,2023-12-11 00:00:00-05:00,449.2482604980469,452.9345397949219,0.8205439221485866
SPY,BUY,POSITIVE,2023-12-12 00:00:00-05:00,2023-12-15 00:00:00-05:00,455.003173828125,461.9961853027344,1.5369148781478437
SPY,BUY,POSITIVE,2023-12-12 00:00:00-05:00,2023-12-15 00:00:00-05:00,455.003173828125,461.9961853027344,1.5369148781478437
SPY,BUY,POSITIVE,2023-12-12 00:00:00-05:00,2023-12-15 00:00:00-05:00,455.003173828125,461.9961853027344,1.5369148781478437
SPY,SELL,NEGATIVE,2023-12-13 00:00:00-05:00,2023-12-18 00:00:00-05:00,461.27777099609375,464.594970703125,-0.7191327906107547
SPY,SELL,NEGATIVE,2023-12-13 00:00:00-05:00,2023-12-18 00:00:00-05:00,461.27777099609375,464.594970703125,-0.7191327906107547
SPY,BUY,POSITIVE,2024-02-12 00:00:00-05:00,2024-02-15 00:00:00-05:00,493.15167236328125,494.1655578613281,0.20559303655771632
SPY,BUY,POSITIVE,2024-02-13 00:00:00-05:00,2024-02-16 00:00:00-05:00,486.3594665527344,491.70458984375,1.0990067344430088
SPY,BUY,POSITIVE,2024-03-21 00:00:00-04:00,2024-03-25 00:00:00-04:00,515.63720703125,513.23779296875,-0.4653298927582261
SPY,BUY,POSITIVE,2024-04-04 00:00:00-04:00,2024-04-08 00:00:00-04:00,506.6219787597656,512.200927734375,1.1012054763725132
SPY,SELL,NEGATIVE,2024-04-05 00:00:00-04:00,2024-04-08 00:00:00-04:00,511.91461181640625,512.200927734375,-0.0559304054543075
SPY,BUY,POSITIVE,2024-04-08 00:00:00-04:00,2024-04-11 00:00:00-04:00,512.200927734375,511.4899597167969,-0.13880646814189435
SPY,BUY,POSITIVE,2024-04-15 00:00:00-04:00,2024-04-18 00:00:00-04:00,498.1103210449219,493.24224853515625,-0.9773080990479244
SPY,BUY,POSITIVE,2024-04-15 00:00:00-04:00,2024-04-18 00:00:00-04:00,498.1103210449219,493.24224853515625,-0.9773080990479244
SPY,BUY,POSITIVE,2024-04-16 00:00:00-04:00,2024-04-19 00:00:00-04:00,497.2018737792969,488.9370422363281,-1.6622687843363626
SPY,BUY,POSITIVE,2024-04-17 00:00:00-04:00,2024-04-22 00:00:00-04:00,494.2593078613281,493.4397277832031,-0.16581985712547098
SPY,BUY,STRONGLY_POSITIVE,2024-04-22 00:00:00-04:00,2024-04-25 00:00:00-04:00,493.4397277832031,497.162353515625,0.7544235947814615
SPY,BUY,POSITIVE,2024-04-30 00:00:00-04:00,2024-05-03 00:00:00-04:00,495.6713562011719,504.8643493652344,1.8546549137956392
SPY,BUY,POSITIVE,2024-05-03 00:00:00-04:00,2024-05-06 00:00:00-04:00,504.8643493652344,510.0780334472656,1.0326900856807208
SPY,SELL,NEGATIVE,2024-05-15 00:00:00-04:00,2024-05-20 00:00:00-04:00,523.1220092773438,523.3984375,-0.052842017302645594
SPY,BUY,POSITIVE,2024-05-17 00:00:00-04:00,2024-05-20 00:00:00-04:00,522.7960815429688,523.3984375,0.11521814686397125
SPY,BUY,POSITIVE,2024-06-10 00:00:00-04:00,2024-06-13 00:00:00-04:00,528.9280395507812,535.6327514648438,1.2676037972493948
SPY,BUY,POSITIVE,2024-06-11 00:00:00-04:00,2024-06-14 00:00:00-04:00,530.2018432617188,535.9586181640625,1.0857704429937387
SPY,SELL,NEGATIVE,2024-06-25 00:00:00-04:00,2024-06-28 00:00:00-04:00,539.7184448242188,539.1140747070312,0.1119787776355019
SPY,BUY,POSITIVE,2024-07-17 00:00:00-04:00,2024-07-22 00:00:00-04:00,551.71484375,549.4463500976562,-0.41117140095865423
SPY,BUY,POSITIVE,2024-07-19 00:00:00-04:00,2024-07-22 00:00:00-04:00,543.8394165039062,549.4463500976562,1.0309906607715913
SPY,BUY,POSITIVE,2024-07-24 00:00:00-04:00,2024-07-29 00:00:00-04:00,536.1521606445312,539.6490478515625,0.652219176516522
SPY,BUY,POSITIVE,2024-08-02 00:00:00-04:00,2024-08-05 00:00:00-04:00,527.900390625,512.5259399414062,-2.9123772129418968
SPY,BUY,POSITIVE,2024-08-29 00:00:00-04:00,2024-09-03 00:00:00-04:00,553.1115112304688,546.9004516601562,-1.1229308094664603
SPY,BUY,POSITIVE,2024-09-03 00:00:00-04:00,2024-09-06 00:00:00-04:00,546.9004516601562,535.290283203125,-2.1229034318380524
SPY,BUY,POSITIVE,2024-09-04 00:00:00-04:00,2024-09-09 00:00:00-04:00,545.781005859375,541.2835083007812,-0.8240480174849796
SPY,BUY,POSITIVE,2024-09-04 00:00:00-04:00,2024-09-09 00:00:00-04:00,545.781005859375,541.2835083007812,-0.8240480174849796
SPY,SELL,NEGATIVE,2023-11-13 00:00:00-05:00,2023-11-16 00:00:00-05:00,431.5618591308594,441.4050598144531,-2.2808319306570235
SPY,SELL,NEGATIVE,2023-11-10 00:00:00-05:00,2023-11-13 00:00:00-05:00,431.9736022949219,431.5618591308594,0.09531674201271878
SPY,SELL,NEGATIVE,2023-11-10 00:00:00-05:00,2023-11-13 00:00:00-05:00,431.9736022949219,431.5618591308594,0.09531674201271878
SPY,SELL,STRONGLY_NEGATIVE,2023-11-08 00:00:00-05:00,2023-11-13 00:00:00-05:00,428.6794738769531,431.5618591308594,-0.6723870466290638
SPY,BUY,POSITIVE,2023-10-03 00:00:00-04:00,2023-10-06 00:00:00-04:00,413.326416015625,421.1205749511719,1.8857151717233123
SPY,BUY,STRONGLY_POSITIVE,2023-08-28 00:00:00-04:00,2023-08-31 00:00:00-04:00,432.5556640625,439.97076416015625,1.7142533814063832
SPY,BUY,POSITIVE,2023-08-21 00:00:00-04:00,2023-08-24 00:00:00-04:00,429.2145080566406,426.82098388671875,-0.5576522053644117
SPY,BUY,POSITIVE,2023-08-18 00:00:00-04:00,2023-08-21 00:00:00-04:00,426.4399719238281,429.2145080566406,0.650627594851283
SPY,BUY,POSITIVE,2023-08-17 00:00:00-04:00,2023-08-21 00:00:00-04:00,426.23486328125,429.2145080566406,0.6990617220873574
SPY,BUY,POSITIVE,2023-08-17 00:00:00-04:00,2023-08-21 00:00:00-04:00,426.23486328125,429.2145080566406,0.6990617220873574
SPY,BUY,POSITIVE,2023-08-16 00:00:00-04:00,2023-08-21 00:00:00-04:00,429.5076599121094,429.2145080566406,-0.06825299821864306
SPY,BUY,POSITIVE,2023-08-14 00:00:00-04:00,2023-08-17 00:00:00-04:00,437.7823486328125,426.23486328125,-2.637722920447827
SPY,BUY,POSITIVE,2023-08-14 00:00:00-04:00,2023-08-17 00:00:00-04:00,437.7823486328125,426.23486328125,-2.637722920447827
SPY,BUY,POSITIVE,2023-08-14 00:00:00-04:00,2023-08-17 00:00:00-04:00,437.7823486328125,426.23486328125,-2.637722920447827
SPY,BUY,POSITIVE,2023-08-14 00:00:00-04:00,2023-08-17 00:00:00-04:00,437.7823486328125,426.23486328125,-2.637722920447827
SPY,BUY,POSITIVE,2023-08-10 00:00:00-04:00,2023-08-14 00:00:00-04:00,435.6331481933594,437.7823486328125,0.49335098772125274
SPY,SELL,NEGATIVE,2023-08-09 00:00:00-04:00,2023-08-14 00:00:00-04:00,435.4767761230469,437.7823486328125,-0.5294363870081975
SPY,BUY,POSITIVE,2023-08-08 00:00:00-04:00,2023-08-11 00:00:00-04:00,438.40765380859375,435.37908935546875,-0.6908101231387853
SPY,BUY,POSITIVE,2023-08-08 00:00:00-04:00,2023-08-11 00:00:00-04:00,438.40765380859375,435.37908935546875,-0.6908101231387853
SPY,BUY,POSITIVE,2023-08-08 00:00:00-04:00,2023-08-11 00:00:00-04:00,438.40765380859375,435.37908935546875,-0.6908101231387853
SPY,BUY,POSITIVE,2023-08-08 00:00:00-04:00,2023-08-11 00:00:00-04:00,438.40765380859375,435.37908935546875,-0.6908101231387853
SPY,BUY,POSITIVE,2023-08-08 00:00:00-04:00,2023-08-11 00:00:00-04:00,438.40765380859375,435.37908935546875,-0.6908101231387853
SPY,BUY,POSITIVE,2023-08-08 00:00:00-04:00,2023-08-11 00:00:00-04:00,438.40765380859375,435.37908935546875,-0.6908101231387853
SPY,BUY,POSITIVE,2023-08-07 00:00:00-04:00,2023-08-10 00:00:00-04:00,440.3224792480469,435.6331481933594,-1.0649765287240487
SPY,BUY,POSITIVE,2023-08-07 00:00:00-04:00,2023-08-10 00:00:00-04:00,440.3224792480469,435.6331481933594,-1.0649765287240487
SPY,BUY,POSITIVE,2023-08-07 00:00:00-04:00,2023-08-10 00:00:00-04:00,440.3224792480469,435.6331481933594,-1.0649765287240487
SPY,BUY,POSITIVE,2023-08-07 00:00:00-04:00,2023-08-10 00:00:00-04:00,440.3224792480469,435.6331481933594,-1.0649765287240487
SPY,BUY,POSITIVE,2023-08-07 00:00:00-04:00,2023-08-10 00:00:00-04:00,440.3224792480469,435.6331481933594,-1.0649765287240487
SPY,BUY,POSITIVE,2023-08-07 00:00:00-04:00,2023-08-10 00:00:00-04:00,440.3224792480469,435.6331481933594,-1.0649765287240487
SPY,BUY,POSITIVE,2023-07-24 00:00:00-04:00,2023-07-27 00:00:00-04:00,443.7320861816406,442.0614318847656,-0.37650067437113854
SPY,BUY,POSITIVE,2023-06-05 00:00:00-04:00,2023-06-08 00:00:00-04:00,415.7124328613281,417.68829345703125,0.475295045207913
SPY,BUY,POSITIVE,2023-06-05 00:00:00-04:00,2023-06-08 00:00:00-04:00,415.7124328613281,417.68829345703125,0.475295045207913
SPY,BUY,POSITIVE,2023-06-05 00:00:00-04:00,2023-06-08 00:00:00-04:00,415.7124328613281,417.68829345703125,0.475295045207913
SPY,BUY,POSITIVE,2023-06-05 00:00:00-04:00,2023-06-08 00:00:00-04:00,415.7124328613281,417.68829345703125,0.475295045207913
SPY,BUY,POSITIVE,2023-06-05 00:00:00-04:00,2023-06-08 00:00:00-04:00,415.7124328613281,417.68829345703125,0.475295045207913
SPY,BUY,POSITIVE,2023-06-05 00:00:00-04:00,2023-06-08 00:00:00-04:00,415.7124328613281,417.68829345703125,0.475295045207913
SPY,BUY,POSITIVE,2023-06-02 00:00:00-04:00,2023-06-05 00:00:00-04:00,416.51055908203125,415.7124328613281,-0.19162208575508322
SPY,SELL,STRONGLY_NEGATIVE,2023-06-01 00:00:00-04:00,2023-06-05 00:00:00-04:00,410.57318115234375,415.7124328613281,-1.2517261099617372
SPY,BUY,POSITIVE,2023-05-31 00:00:00-04:00,2023-06-05 00:00:00-04:00,406.7090148925781,415.7124328613281,2.213724712034737
SPY,BUY,POSITIVE,2023-05-31 00:00:00-04:00,2023-06-05 00:00:00-04:00,406.7090148925781,415.7124328613281,2.213724712034737
SPY,BUY,POSITIVE,2023-05-31 00:00:00-04:00,2023-06-05 00:00:00-04:00,406.7090148925781,415.7124328613281,2.213724712034737
SPY,BUY,POSITIVE,2023-05-31 00:00:00-04:00,2023-06-05 00:00:00-04:00,406.7090148925781,415.7124328613281,2.213724712034737
SPY,BUY,POSITIVE,2023-05-31 00:00:00-04:00,2023-06-05 00:00:00-04:00,406.7090148925781,415.7124328613281,2.213724712034737
SPY,BUY,POSITIVE,2023-05-24 00:00:00-04:00,2023-05-30 00:00:00-04:00,400.1292724609375,408.9768981933594,2.2111918175858003
SPY,SELL,NEGATIVE,2023-05-24 00:00:00-04:00,2023-05-30 00:00:00-04:00,400.1292724609375,408.9768981933594,-2.2111918175858003
SPY,BUY,POSITIVE,2023-05-22 00:00:00-04:00,2023-05-25 00:00:00-04:00,407.62396240234375,403.5943603515625,-0.9885586772261035
SPY,SELL,NEGATIVE,2023-05-18 00:00:00-04:00,2023-05-22 00:00:00-04:00,408.05224609375,407.62396240234375,0.10495805267736191
SPY,SELL,NEGATIVE,2023-05-18 00:00:00-04:00,2023-05-22 00:00:00-04:00,408.05224609375,407.62396240234375,0.10495805267736191
SPY,BUY,POSITIVE,2023-05-12 00:00:00-04:00,2023-05-15 00:00:00-04:00,400.615966796875,401.99810791015625,0.34500400079711113
SPY,SELL,NEGATIVE,2023-05-11 00:00:00-04:00,2023-05-15 00:00:00-04:00,401.14154052734375,401.99810791015625,-0.21353245582256264
SPY,BUY,POSITIVE,2023-05-10 00:00:00-04:00,2023-05-15 00:00:00-04:00,401.84234619140625,401.99810791015625,0.038761897601458095
SPY,BUY,POSITIVE,2023-04-26 00:00:00-04:00,2023-05-01 00:00:00-04:00,393.5787048339844,404.43145751953125,2.757454240346835
SPY,BUY,POSITIVE,2023-04-26 00:00:00-04:00,2023-05-01 00:00:00-04:00,393.5787048339844,404.43145751953125,2.757454240346835
SPY,BUY,POSITIVE,2023-04-25 00:00:00-04:00,2023-04-28 00:00:00-04:00,395.25286865234375,404.8402404785156,2.425629916073979
SPY,BUY,POSITIVE,2023-04-05 00:00:00-04:00,2023-04-10 00:00:00-04:00,396.7323303222656,398.688720703125,0.49312602763436075
SPY,BUY,POSITIVE,2023-04-05 00:00:00-04:00,2023-04-10 00:00:00-04:00,396.7323303222656,398.688720703125,0.49312602763436075
SPY,BUY,POSITIVE,2023-04-04 00:00:00-04:00,2023-04-10 00:00:00-04:00,397.7738037109375,398.688720703125,0.23000936302290942
SPY,BUY,POSITIVE,2023-04-04 00:00:00-04:00,2023-04-10 00:00:00-04:00,397.7738037109375,398.688720703125,0.23000936302290942
SPY,BUY,POSITIVE,2023-04-04 00:00:00-04:00,2023-04-10 00:00:00-04:00,397.7738037109375,398.688720703125,0.23000936302290942
SPY,SELL,NEGATIVE,2023-03-31 00:00:00-04:00,2023-04-03 00:00:00-04:00,398.474609375,399.9930114746094,-0.3810536641195128
SPY,BUY,POSITIVE,2023-03-16 00:00:00-04:00,2023-03-20 00:00:00-04:00,384.08282470703125,383.2418212890625,-0.21896407854483657
SPY,BUY,POSITIVE,2023-03-15 00:00:00-04:00,2023-03-20 00:00:00-04:00,377.4601745605469,383.2418212890625,1.5317236408441959
SPY,BUY,POSITIVE,2023-03-13 00:00:00-04:00,2023-03-16 00:00:00-04:00,373.65924072265625,384.08282470703125,2.789596201131217
SPY,BUY,POSITIVE,2023-03-13 00:00:00-04:00,2023-03-16 00:00:00-04:00,373.65924072265625,384.08282470703125,2.789596201131217
SPY,BUY,POSITIVE,2023-03-13 00:00:00-04:00,2023-03-16 00:00:00-04:00,373.65924072265625,384.08282470703125,2.789596201131217
SPY,SELL,NEGATIVE,2023-03-13 00:00:00-04:00,2023-03-16 00:00:00-04:00,373.65924072265625,384.08282470703125,-2.789596201131217
SPY,BUY,POSITIVE,2023-03-13 00:00:00-04:00,2023-03-16 00:00:00-04:00,373.65924072265625,384.08282470703125,2.789596201131217
SPY,BUY,POSITIVE,2023-03-13 00:00:00-04:00,2023-03-16 00:00:00-04:00,373.65924072265625,384.08282470703125,2.789596201131217
SPY,BUY,POSITIVE,2023-03-13 00:00:00-04:00,2023-03-16 00:00:00-04:00,373.65924072265625,384.08282470703125,2.789596201131217
SPY,BUY,POSITIVE,2023-03-13 00:00:00-04:00,2023-03-16 00:00:00-04:00,373.65924072265625,384.08282470703125,2.789596201131217
SPY,BUY,POSITIVE,2023-03-13 00:00:00-04:00,2023-03-16 00:00:00-04:00,373.65924072265625,384.08282470703125,2.789596201131217
SPY,BUY,POSITIVE,2023-03-13 00:00:00-04:00,2023-03-16 00:00:00-04:00,373.65924072265625,384.08282470703125,2.789596201131217
SPY,BUY,POSITIVE,2023-03-10 00:00:00-05:00,2023-03-14 00:00:00-04:00,374.1925354003906,379.8358154296875,1.5081220215305668
SPY,BUY,POSITIVE,2023-03-09 00:00:00-05:00,2023-03-13 00:00:00-04:00,379.67095947265625,373.65924072265625,-1.5834023119255636
SPY,BUY,POSITIVE,2023-03-08 00:00:00-05:00,2023-03-13 00:00:00-04:00,386.8074645996094,373.65924072265625,-3.399164980066516
SPY,BUY,POSITIVE,2023-03-01 00:00:00-05:00,2023-03-06 00:00:00-05:00,382.75439453125,392.18896484375,2.4649149552036675
SPY,BUY,POSITIVE,2023-02-27 00:00:00-05:00,2023-03-02 00:00:00-05:00,385.6537170410156,385.7312316894531,0.020099546565299775
SPY,BUY,POSITIVE,2023-02-27 00:00:00-05:00,2023-03-02 00:00:00-05:00,385.6537170410156,385.7312316894531,0.020099546565299775
SPY,SELL,NEGATIVE,2023-02-24 00:00:00-05:00,2023-02-27 00:00:00-05:00,384.3446350097656,385.6537170410156,-0.3406010939158044
SPY,BUY,POSITIVE,2023-02-22 00:00:00-05:00,2023-02-27 00:00:00-05:00,386.4391174316406,385.6537170410156,-0.20324039549747264
SPY,BUY,POSITIVE,2023-02-16 00:00:00-05:00,2023-02-21 00:00:00-05:00,395.88330078125,386.97235107421875,-2.2509031549060254
SPY,BUY,POSITIVE,2023-02-16 00:00:00-05:00,2023-02-21 00:00:00-05:00,395.88330078125,386.97235107421875,-2.2509031549060254
SPY,BUY,POSITIVE,2023-02-14 00:00:00-05:00,2023-02-17 00:00:00-05:00,400.1109619140625,394.8943176269531,-1.3037993915872348
SPY,SELL,NEGATIVE,2023-02-13 00:00:00-05:00,2023-02-16 00:00:00-05:00,400.29510498046875,395.88330078125,1.1021379338211013
SPY,BUY,POSITIVE,2023-02-10 00:00:00-05:00,2023-02-13 00:00:00-05:00,395.6506042480469,400.29510498046875,1.173889457656463
SPY,BUY,POSITIVE,2023-02-10 00:00:00-05:00,2023-02-13 00:00:00-05:00,395.6506042480469,400.29510498046875,1.173889457656463
SPY,BUY,POSITIVE,2023-02-10 00:00:00-05:00,2023-02-13 00:00:00-05:00,395.6506042480469,400.29510498046875,1.173889457656463
SPY,BUY,POSITIVE,2023-02-08 00:00:00-05:00,2023-02-13 00:00:00-05:00,398.18133544921875,400.29510498046875,0.5308560053085554
SPY,BUY,POSITIVE,2023-02-08 00:00:00-05:00,2023-02-13 00:00:00-05:00,398.18133544921875,400.29510498046875,0.5308560053085554
SPY,BUY,POSITIVE,2023-02-06 00:00:00-05:00,2023-02-09 00:00:00-05:00,397.3862609863281,394.7294616699219,-0.668568487952248
SPY,SELL,NEGATIVE,2023-02-06 00:00:00-05:00,2023-02-09 00:00:00-05:00,397.3862609863281,394.7294616699219,0.668568487952248
SPY,SELL,NEGATIVE,2023-02-03 00:00:00-05:00,2023-02-06 00:00:00-05:00,399.8297119140625,397.3862609863281,0.6111228993055828
SPY,BUY,POSITIVE,2023-02-02 00:00:00-05:00,2023-02-06 00:00:00-05:00,404.125244140625,397.3862609863281,-1.6675481801755265
SPY,BUY,POSITIVE,2023-02-01 00:00:00-05:00,2023-02-06 00:00:00-05:00,398.3268127441406,397.3862609863281,-0.2361256455052252
SPY,BUY,POSITIVE,2023-01-31 00:00:00-05:00,2023-02-03 00:00:00-05:00,394.1379699707031,399.8297119140625,1.4440988630916252
SPY,BUY,POSITIVE,2023-01-30 00:00:00-05:00,2023-02-02 00:00:00-05:00,388.4267883300781,404.125244140625,4.041548184160404
SPY,BUY,POSITIVE,2023-01-26 00:00:00-05:00,2023-01-30 00:00:00-05:00,392.4604797363281,388.4267883300781,-1.0277955652910564
SPY,SELL,NEGATIVE,2023-01-26 00:00:00-05:00,2023-01-30 00:00:00-05:00,392.4604797363281,388.4267883300781,1.0277955652910564
SPY,BUY,POSITIVE,2023-01-26 00:00:00-05:00,2023-01-30 00:00:00-05:00,392.4604797363281,388.4267883300781,-1.0277955652910564
SPY,SELL,NEGATIVE,2023-01-26 00:00:00-05:00,2023-01-30 00:00:00-05:00,392.4604797363281,388.4267883300781,1.0277955652910564
SPY,SELL,NEGATIVE,2023-01-26 00:00:00-05:00,2023-01-30 00:00:00-05:00,392.4604797363281,388.4267883300781,1.0277955652910564
SPY,BUY,POSITIVE,2023-01-25 00:00:00-05:00,2023-01-30 00:00:00-05:00,388.19415283203125,388.4267883300781,0.05992761517650269
SPY,BUY,POSITIVE,2023-01-25 00:00:00-05:00,2023-01-30 00:00:00-05:00,388.19415283203125,388.4267883300781,0.05992761517650269
SPY,BUY,POSITIVE,2023-01-25 00:00:00-05:00,2023-01-30 00:00:00-05:00,388.19415283203125,388.4267883300781,0.05992761517650269
SPY,BUY,POSITIVE,2023-01-25 00:00:00-05:00,2023-01-30 00:00:00-05:00,388.19415283203125,388.4267883300781,0.05992761517650269
SPY,SELL,NEGATIVE,2023-01-24 00:00:00-05:00,2023-01-27 00:00:00-05:00,388.04864501953125,393.3622741699219,-1.369320372223748
SPY,SELL,NEGATIVE,2023-01-23 00:00:00-05:00,2023-01-26 00:00:00-05:00,388.465576171875,392.4604797363281,-1.0283803274979464
SPY,BUY,POSITIVE,2023-01-20 00:00:00-05:00,2023-01-23 00:00:00-05:00,383.8598327636719,388.465576171875,1.1998503138614947
SPY,BUY,POSITIVE,2023-01-18 00:00:00-05:00,2023-01-23 00:00:00-05:00,379.6031188964844,388.465576171875,2.3346639777760636
SPY,BUY,POSITIVE,2023-01-18 00:00:00-05:00,2023-01-23 00:00:00-05:00,379.6031188964844,388.465576171875,2.3346639777760636
SPY,BUY,POSITIVE,2023-01-10 00:00:00-05:00,2023-01-13 00:00:00-05:00,378.7207336425781,386.4002380371094,2.027748605329549
SPY,BUY,POSITIVE,2023-01-06 00:00:00-05:00,2023-01-09 00:00:00-05:00,376.2966613769531,376.0832824707031,-0.056704969283860596
SPY,BUY,POSITIVE,2023-01-05 00:00:00-05:00,2023-01-09 00:00:00-05:00,367.8608093261719,376.0832824707031,2.2352131393373442
SPY,BUY,POSITIVE,2023-01-04 00:00:00-05:00,2023-01-09 00:00:00-05:00,372.1077575683594,376.0832824707031,1.0683800112964326
SPY,BUY,POSITIVE,2023-01-04 00:00:00-05:00,2023-01-09 00:00:00-05:00,372.1077575683594,376.0832824707031,1.0683800112964326
SPY,BUY,POSITIVE,2023-01-03 00:00:00-05:00,2023-01-06 00:00:00-05:00,369.257080078125,376.2966613769531,1.9064174199012518
SPY,SELL,NEGATIVE,2022-12-21 00:00:00-05:00,2022-12-27 00:00:00-05:00,374.5028381347656,369.8194885253906,1.2505511661008217
SPY,BUY,POSITIVE,2022-12-21 00:00:00-05:00,2022-12-27 00:00:00-05:00,374.5028381347656,369.8194885253906,-1.2505511661008217
SPY,BUY,POSITIVE,2022-12-19 00:00:00-05:00,2022-12-22 00:00:00-05:00,368.4813232421875,369.1600646972656,0.18419968998864
SPY,BUY,POSITIVE,2022-12-19 00:00:00-05:00,2022-12-22 00:00:00-05:00,368.4813232421875,369.1600646972656,0.18419968998864
SPY,BUY,POSITIVE,2022-12-19 00:00:00-05:00,2022-12-22 00:00:00-05:00,368.4813232421875,369.1600646972656,0.18419968998864
SPY,BUY,POSITIVE,2022-12-19 00:00:00-05:00,2022-12-22 00:00:00-05:00,368.4813232421875,369.1600646972656,0.18419968998864
SPY,BUY,POSITIVE,2022-12-16 00:00:00-05:00,2022-12-19 00:00:00-05:00,371.6326904296875,368.4813232421875,-0.8479790041765023
SPY,BUY,POSITIVE,2022-12-16 00:00:00-05:00,2022-12-19 00:00:00-05:00,371.6326904296875,368.4813232421875,-0.8479790041765023
SPY,SELL,NEGATIVE,2022-12-15 00:00:00-05:00,2022-12-19 00:00:00-05:00,376.0726318359375,368.4813232421875,2.0185751238238847
SPY,BUY,POSITIVE,2022-12-15 00:00:00-05:00,2022-12-19 00:00:00-05:00,376.0726318359375,368.4813232421875,-2.0185751238238847
SPY,BUY,POSITIVE,2022-12-14 00:00:00-05:00,2022-12-19 00:00:00-05:00,385.5027160644531,368.4813232421875,-4.415375589576853
SPY,BUY,POSITIVE,2022-12-09 00:00:00-05:00,2022-12-12 00:00:00-05:00,379.595703125,385.068359375,1.4417065854398947
SPY,BUY,POSITIVE,2022-12-08 00:00:00-05:00,2022-12-12 00:00:00-05:00,382.45269775390625,385.068359375,0.6839176809197989
SPY,BUY,POSITIVE,2022-12-08 00:00:00-05:00,2022-12-12 00:00:00-05:00,382.45269775390625,385.068359375,0.6839176809197989
SPY,BUY,POSITIVE,2022-12-07 00:00:00-05:00,2022-12-12 00:00:00-05:00,379.4798278808594,385.068359375,1.4726820989007017
SPY,BUY,POSITIVE,2022-12-07 00:00:00-05:00,2022-12-12 00:00:00-05:00,379.4798278808594,385.068359375,1.4726820989007017
SPY,BUY,POSITIVE,2022-12-06 00:00:00-05:00,2022-12-09 00:00:00-05:00,380.1264953613281,379.595703125,-0.13963568517463276
SPY,BUY,POSITIVE,2022-12-06 00:00:00-05:00,2022-12-09 00:00:00-05:00,380.1264953613281,379.595703125,-0.13963568517463276
SPY,BUY,POSITIVE,2022-12-06 00:00:00-05:00,2022-12-09 00:00:00-05:00,380.1264953613281,379.595703125,-0.13963568517463276
SPY,SELL,NEGATIVE,2022-12-06 00:00:00-05:00,2022-12-09 00:00:00-05:00,380.1264953613281,379.595703125,0.13963568517463276
SPY,BUY,POSITIVE,2022-12-05 00:00:00-05:00,2022-12-08 00:00:00-05:00,385.6861267089844,382.45269775390625,-0.8383575999138526
SPY,BUY,POSITIVE,2022-11-30 00:00:00-05:00,2022-12-05 00:00:00-05:00,393.4945983886719,385.6861267089844,-1.9843910721170088
SPY,BUY,POSITIVE,2022-11-30 00:00:00-05:00,2022-12-05 00:00:00-05:00,393.4945983886719,385.6861267089844,-1.9843910721170088
SPY,BUY,POSITIVE,2022-11-30 00:00:00-05:00,2022-12-05 00:00:00-05:00,393.4945983886719,385.6861267089844,-1.9843910721170088
SPY,BUY,POSITIVE,2022-11-21 00:00:00-05:00,2022-11-25 00:00:00-05:00,380.8600769042969,388.33074951171875,1.9615268337245917
SPY,BUY,POSITIVE,2022-11-10 00:00:00-05:00,2022-11-14 00:00:00-05:00,380.9566345214844,381.37164306640625,0.10893852667592796
SPY,BUY,POSITIVE,2022-11-02 00:00:00-04:00,2022-11-07 00:00:00-05:00,361.82623291015625,366.7294921875,1.3551420077828613
SPY,BUY,POSITIVE,2022-10-31 00:00:00-04:00,2022-11-03 00:00:00-04:00,372.77166748046875,358.1005554199219,-3.9356832453785073
SPY,BUY,POSITIVE,2022-10-18 00:00:00-04:00,2022-10-21 00:00:00-04:00,358.2164001464844,361.2663879394531,0.8514372294851746
SPY,BUY,POSITIVE,2022-10-17 00:00:00-04:00,2022-10-20 00:00:00-04:00,354.05633544921875,352.6954345703125,-0.3843741073520368
SPY,BUY,POSITIVE,2022-10-17 00:00:00-04:00,2022-10-20 00:00:00-04:00,354.05633544921875,352.6954345703125,-0.3843741073520368
SPY,BUY,POSITIVE,2022-10-13 00:00:00-04:00,2022-10-17 00:00:00-04:00,353.2359313964844,354.05633544921875,0.232253850702846
SPY,BUY,POSITIVE,2022-10-11 00:00:00-04:00,2022-10-14 00:00:00-04:00,345.29229736328125,345.1860656738281,-0.030765728127835068
SPY,BUY,POSITIVE,2022-10-06 00:00:00-04:00,2022-10-10 00:00:00-04:00,360.21435546875,347.492919921875,-3.531629251788282
SPY,BUY,POSITIVE,2022-09-30 00:00:00-04:00,2022-10-03 00:00:00-04:00,344.75177001953125,353.85357666015625,2.6401043974652705
SPY,SELL,NEGATIVE,2022-09-28 00:00:00-04:00,2022-10-03 00:00:00-04:00,357.63726806640625,353.85357666015625,1.0579689937535885
SPY,BUY,POSITIVE,2022-09-26 00:00:00-04:00,2022-09-29 00:00:00-04:00,351.6336669921875,350.16656494140625,-0.4172245687765308
SPY,BUY,POSITIVE,2022-09-22 00:00:00-04:00,2022-09-26 00:00:00-04:00,361.1988220214844,351.6336669921875,-2.6481689435653655
SPY,BUY,POSITIVE,2022-09-21 00:00:00-04:00,2022-09-26 00:00:00-04:00,364.2585754394531,351.6336669921875,-3.4659193491970774
SPY,BUY,POSITIVE,2022-09-19 00:00:00-04:00,2022-09-22 00:00:00-04:00,375.0301513671875,361.1988220214844,-3.688057958881563
SPY,BUY,POSITIVE,2022-09-16 00:00:00-04:00,2022-09-19 00:00:00-04:00,372.14422607421875,375.0301513671875,0.7754857097777901
SPY,SELL,NEGATIVE,2022-09-15 00:00:00-04:00,2022-09-19 00:00:00-04:00,375.0050964355469,375.0301513671875,-0.006681224303028976
SPY,BUY,POSITIVE,2022-09-13 00:00:00-04:00,2022-09-16 00:00:00-04:00,377.86968994140625,372.14422607421875,-1.515195322513252
SPY,BUY,POSITIVE,2022-09-13 00:00:00-04:00,2022-09-16 00:00:00-04:00,377.86968994140625,372.14422607421875,-1.515195322513252
SPY,BUY,POSITIVE,2022-09-07 00:00:00-04:00,2022-09-12 00:00:00-04:00,382.3683776855469,395.0473327636719,3.3159005341576453
SPY,BUY,POSITIVE,2022-09-06 00:00:00-04:00,2022-09-09 00:00:00-04:00,375.62030029296875,390.8466491699219,4.053654412468433
SPY,BUY,POSITIVE,2022-09-02 00:00:00-04:00,2022-09-06 00:00:00-04:00,377.0429992675781,375.62030029296875,-0.3773306963325229
SPY,SELL,NEGATIVE,2022-09-01 00:00:00-04:00,2022-09-06 00:00:00-04:00,381.06103515625,375.62030029296875,1.4277856724580484
SPY,SELL,NEGATIVE,2022-09-01 00:00:00-04:00,2022-09-06 00:00:00-04:00,381.06103515625,375.62030029296875,1.4277856724580484
SPY,BUY,POSITIVE,2022-08-30 00:00:00-04:00,2022-09-02 00:00:00-04:00,382.78167724609375,377.0429992675781,-1.4992039378170618
SPY,BUY,POSITIVE,2022-08-29 00:00:00-04:00,2022-09-01 00:00:00-04:00,387.0304870605469,381.06103515625,-1.542372527196545
SPY,BUY,POSITIVE,2022-08-29 00:00:00-04:00,2022-09-01 00:00:00-04:00,387.0304870605469,381.06103515625,-1.542372527196545
SPY,BUY,POSITIVE,2022-08-29 00:00:00-04:00,2022-09-01 00:00:00-04:00,387.0304870605469,381.06103515625,-1.542372527196545
SPY,BUY,POSITIVE,2022-08-29 00:00:00-04:00,2022-09-01 00:00:00-04:00,387.0304870605469,381.06103515625,-1.542372527196545
SPY,BUY,POSITIVE,2022-08-24 00:00:00-04:00,2022-08-29 00:00:00-04:00,397.6427307128906,387.0304870605469,-2.6687885462707173
SPY,BUY,POSITIVE,2022-08-23 00:00:00-04:00,2022-08-26 00:00:00-04:00,396.37384033203125,389.60662841796875,-1.7072801546120675
SPY,SELL,STRONGLY_NEGATIVE,2022-08-22 00:00:00-04:00,2022-08-25 00:00:00-04:00,397.3351135253906,403.2564697265625,-1.4902675347854721
SPY,BUY,POSITIVE,2022-08-19 00:00:00-04:00,2022-08-22 00:00:00-04:00,405.7845764160156,397.3351135253906,-2.082253338767248
SPY,BUY,POSITIVE,2022-08-18 00:00:00-04:00,2022-08-22 00:00:00-04:00,411.311767578125,397.3351135253906,-3.398068121180031
SPY,BUY,POSITIVE,2022-08-17 00:00:00-04:00,2022-08-22 00:00:00-04:00,410.11981201171875,397.3351135253906,-3.117308189432899
SPY,BUY,POSITIVE,2022-08-16 00:00:00-04:00,2022-08-19 00:00:00-04:00,413.0516662597656,405.7845764160156,-1.7593658220905861
SPY,BUY,POSITIVE,2022-08-16 00:00:00-04:00,2022-08-19 00:00:00-04:00,413.0516662597656,405.7845764160156,-1.7593658220905861
SPY,BUY,POSITIVE,2022-08-15 00:00:00-04:00,2022-08-18 00:00:00-04:00,412.24420166015625,411.311767578125,-0.226184887083003
SPY,BUY,POSITIVE,2022-08-15 00:00:00-04:00,2022-08-18 00:00:00-04:00,412.24420166015625,411.311767578125,-0.226184887083003
SPY,BUY,POSITIVE,2022-08-15 00:00:00-04:00,2022-08-18 00:00:00-04:00,412.24420166015625,411.311767578125,-0.226184887083003
SPY,SELL,NEGATIVE,2022-08-15 00:00:00-04:00,2022-08-18 00:00:00-04:00,412.24420166015625,411.311767578125,0.226184887083003
SPY,BUY,POSITIVE,2022-08-12 00:00:00-04:00,2022-08-15 00:00:00-04:00,410.5523986816406,412.24420166015625,0.41207967215592944
SPY,BUY,POSITIVE,2022-08-10 00:00:00-04:00,2022-08-15 00:00:00-04:00,403.71783447265625,412.24420166015625,2.1119619842004944
SPY,BUY,POSITIVE,2022-08-09 00:00:00-04:00,2022-08-12 00:00:00-04:00,395.41259765625,410.5523986816406,3.828861577787235
SPY,BUY,POSITIVE,2022-08-09 00:00:00-04:00,2022-08-12 00:00:00-04:00,395.41259765625,410.5523986816406,3.828861577787235
SPY,BUY,POSITIVE,2022-08-09 00:00:00-04:00,2022-08-12 00:00:00-04:00,395.41259765625,410.5523986816406,3.828861577787235
SPY,BUY,POSITIVE,2022-08-09 00:00:00-04:00,2022-08-12 00:00:00-04:00,395.41259765625,410.5523986816406,3.828861577787235
SPY,BUY,POSITIVE,2022-08-09 00:00:00-04:00,2022-08-12 00:00:00-04:00,395.41259765625,410.5523986816406,3.828861577787235
SPY,BUY,POSITIVE,2022-08-09 00:00:00-04:00,2022-08-12 00:00:00-04:00,395.41259765625,410.5523986816406,3.828861577787235
SPY,BUY,POSITIVE,2022-08-09 00:00:00-04:00,2022-08-12 00:00:00-04:00,395.41259765625,410.5523986816406,3.828861577787235
SPY,BUY,POSITIVE,2022-08-08 00:00:00-04:00,2022-08-11 00:00:00-04:00,396.98907470703125,403.71783447265625,1.694948348538472
SPY,BUY,POSITIVE,2022-08-08 00:00:00-04:00,2022-08-11 00:00:00-04:00,396.98907470703125,403.71783447265625,1.694948348538472
SPY,BUY,POSITIVE,2022-08-08 00:00:00-04:00,2022-08-11 00:00:00-04:00,396.98907470703125,403.71783447265625,1.694948348538472
SPY,BUY,POSITIVE,2022-08-08 00:00:00-04:00,2022-08-11 00:00:00-04:00,396.98907470703125,403.71783447265625,1.694948348538472
SPY,BUY,POSITIVE,2022-08-05 00:00:00-04:00,2022-08-08 00:00:00-04:00,397.450439453125,396.98907470703125,-0.11608107585151517
SPY,BUY,POSITIVE,2022-08-04 00:00:00-04:00,2022-08-08 00:00:00-04:00,398.1233215332031,396.98907470703125,-0.28489836310111594
SPY,BUY,POSITIVE,2022-08-02 00:00:00-04:00,2022-08-05 00:00:00-04:00,392.25006103515625,397.450439453125,1.325781417151295
SPY,BUY,POSITIVE,2022-08-01 00:00:00-04:00,2022-08-04 00:00:00-04:00,394.8550720214844,398.1233215332031,0.8277086311660575
SPY,BUY,POSITIVE,2022-08-01 00:00:00-04:00,2022-08-04 00:00:00-04:00,394.8550720214844,398.1233215332031,0.8277086311660575
SPY,BUY,POSITIVE,2022-08-01 00:00:00-04:00,2022-08-04 00:00:00-04:00,394.8550720214844,398.1233215332031,0.8277086311660575
SPY,BUY,POSITIVE,2022-07-28 00:00:00-04:00,2022-08-01 00:00:00-04:00,390.3371887207031,394.8550720214844,1.1574309164822827
SPY,BUY,POSITIVE,2022-07-25 00:00:00-04:00,2022-07-28 00:00:00-04:00,380.2439880371094,390.3371887207031,2.6544011216842023
SPY,BUY,POSITIVE,2022-07-25 00:00:00-04:00,2022-07-28 00:00:00-04:00,380.2439880371094,390.3371887207031,2.6544011216842023
SPY,BUY,POSITIVE,2022-07-25 00:00:00-04:00,2022-07-28 00:00:00-04:00,380.2439880371094,390.3371887207031,2.6544011216842023
SPY,SELL,NEGATIVE,2022-07-21 00:00:00-04:00,2022-07-25 00:00:00-04:00,383.3392333984375,380.2439880371094,0.8074428839145109
SPY,BUY,POSITIVE,2022-07-21 00:00:00-04:00,2022-07-25 00:00:00-04:00,383.3392333984375,380.2439880371094,-0.8074428839145109
SPY,SELL,NEGATIVE,2022-07-21 00:00:00-04:00,2022-07-25 00:00:00-04:00,383.3392333984375,380.2439880371094,0.8074428839145109
SPY,BUY,POSITIVE,2022-07-21 00:00:00-04:00,2022-07-25 00:00:00-04:00,383.3392333984375,380.2439880371094,-0.8074428839145109
SPY,BUY,POSITIVE,2022-07-21 00:00:00-04:00,2022-07-25 00:00:00-04:00,383.3392333984375,380.2439880371094,-0.8074428839145109
SPY,BUY,POSITIVE,2022-07-21 00:00:00-04:00,2022-07-25 00:00:00-04:00,383.3392333984375,380.2439880371094,-0.8074428839145109
SPY,BUY,POSITIVE,2022-07-21 00:00:00-04:00,2022-07-25 00:00:00-04:00,383.3392333984375,380.2439880371094,-0.8074428839145109
SPY,BUY,POSITIVE,2022-07-20 00:00:00-04:00,2022-07-25 00:00:00-04:00,379.4750061035156,380.2439880371094,0.20264363165567456
SPY,BUY,POSITIVE,2022-07-20 00:00:00-04:00,2022-07-25 00:00:00-04:00,379.4750061035156,380.2439880371094,0.20264363165567456
SPY,BUY,POSITIVE,2022-07-20 00:00:00-04:00,2022-07-25 00:00:00-04:00,379.4750061035156,380.2439880371094,0.20264363165567456
SPY,BUY,POSITIVE,2022-07-19 00:00:00-04:00,2022-07-22 00:00:00-04:00,377.0718078613281,379.7825927734375,0.7189041597897239
SPY,BUY,POSITIVE,2022-07-18 00:00:00-04:00,2022-07-21 00:00:00-04:00,367.1517333984375,383.3392333984375,4.408940099550929
SPY,SELL,NEGATIVE,2022-07-14 00:00:00-04:00,2022-07-18 00:00:00-04:00,363.2682189941406,367.1517333984375,-1.0690487637619484
SPY,BUY,POSITIVE,2022-07-14 00:00:00-04:00,2022-07-18 00:00:00-04:00,363.2682189941406,367.1517333984375,1.0690487637619484
SPY,BUY,POSITIVE,2022-07-13 00:00:00-04:00,2022-07-18 00:00:00-04:00,364.152587890625,367.1517333984375,0.8235958242629016
SPY,BUY,POSITIVE,2022-07-12 00:00:00-04:00,2022-07-15 00:00:00-04:00,366.0750732421875,370.20849609375,1.1291189031130466
SPY,BUY,POSITIVE,2022-07-12 00:00:00-04:00,2022-07-15 00:00:00-04:00,366.0750732421875,370.20849609375,1.1291189031130466
SPY,BUY,POSITIVE,2022-07-11 00:00:00-04:00,2022-07-14 00:00:00-04:00,369.3433532714844,363.2682189941406,-1.6448473279762066
SPY,BUY,POSITIVE,2022-07-07 00:00:00-04:00,2022-07-11 00:00:00-04:00,373.91888427734375,369.3433532714844,-1.2236694101990353
SPY,BUY,POSITIVE,2022-07-07 00:00:00-04:00,2022-07-11 00:00:00-04:00,373.91888427734375,369.3433532714844,-1.2236694101990353
SPY,SELL,NEGATIVE,2022-07-06 00:00:00-04:00,2022-07-11 00:00:00-04:00,368.4012756347656,369.3433532714844,-0.2557205142939667
SPY,BUY,POSITIVE,2022-07-06 00:00:00-04:00,2022-07-11 00:00:00-04:00,368.4012756347656,369.3433532714844,0.2557205142939667
SPY,BUY,POSITIVE,2022-06-28 00:00:00-04:00,2022-07-01 00:00:00-04:00,365.90203857421875,366.4692077636719,0.15500574734788053
SPY,BUY,POSITIVE,2022-06-21 00:00:00-04:00,2022-06-24 00:00:00-04:00,360.5382080078125,374.9666748046875,4.0019244774640805
SPY,BUY,POSITIVE,2022-06-21 00:00:00-04:00,2022-06-24 00:00:00-04:00,360.5382080078125,374.9666748046875,4.0019244774640805
SPY,BUY,POSITIVE,2022-06-16 00:00:00-04:00,2022-06-21 00:00:00-04:00,350.9285888671875,360.5382080078125,2.7383403477172497
SPY,BUY,POSITIVE,2022-06-15 00:00:00-04:00,2022-06-21 00:00:00-04:00,362.9404296875,360.5382080078125,-0.6618776755612066
SPY,BUY,POSITIVE,2022-06-13 00:00:00-04:00,2022-06-16 00:00:00-04:00,358.9205322265625,350.9285888671875,-2.2266609574540075
SPY,BUY,POSITIVE,2022-06-13 00:00:00-04:00,2022-06-16 00:00:00-04:00,358.9205322265625,350.9285888671875,-2.2266609574540075
SPY,BUY,POSITIVE,2022-06-13 00:00:00-04:00,2022-06-16 00:00:00-04:00,358.9205322265625,350.9285888671875,-2.2266609574540075
SPY,SELL,NEGATIVE,2022-06-10 00:00:00-04:00,2022-06-13 00:00:00-04:00,373.0859375,358.9205322265625,3.796821013506435
SPY,SELL,NEGATIVE,2022-06-09 00:00:00-04:00,2022-06-13 00:00:00-04:00,384.2267761230469,358.9205322265625,6.586278070422702
SPY,BUY,POSITIVE,2022-06-09 00:00:00-04:00,2022-06-13 00:00:00-04:00,384.2267761230469,358.9205322265625,-6.586278070422702
SPY,SELL,STRONGLY_NEGATIVE,2022-06-09 00:00:00-04:00,2022-06-13 00:00:00-04:00,384.2267761230469,358.9205322265625,6.586278070422702
SPY,SELL,NEGATIVE,2022-06-07 00:00:00-04:00,2022-06-10 00:00:00-04:00,397.9136047363281,373.0859375,6.239461767782439
SPY,BUY,POSITIVE,2022-06-07 00:00:00-04:00,2022-06-10 00:00:00-04:00,397.9136047363281,373.0859375,-6.239461767782439
SPY,BUY,POSITIVE,2022-06-07 00:00:00-04:00,2022-06-10 00:00:00-04:00,397.9136047363281,373.0859375,-6.239461767782439
SPY,BUY,POSITIVE,2022-06-07 00:00:00-04:00,2022-06-10 00:00:00-04:00,397.9136047363281,373.0859375,-6.239461767782439
SPY,BUY,POSITIVE,2022-06-07 00:00:00-04:00,2022-06-10 00:00:00-04:00,397.9136047363281,373.0859375,-6.239461767782439
SPY,BUY,POSITIVE,2022-06-07 00:00:00-04:00,2022-06-10 00:00:00-04:00,397.9136047363281,373.0859375,-6.239461767782439
SPY,BUY,POSITIVE,2022-06-07 00:00:00-04:00,2022-06-10 00:00:00-04:00,397.9136047363281,373.0859375,-6.239461767782439
SPY,BUY,POSITIVE,2022-06-07 00:00:00-04:00,2022-06-10 00:00:00-04:00,397.9136047363281,373.0859375,-6.239461767782439
SPY,BUY,POSITIVE,2022-06-07 00:00:00-04:00,2022-06-10 00:00:00-04:00,397.9136047363281,373.0859375,-6.239461767782439
SPY,BUY,POSITIVE,2022-06-07 00:00:00-04:00,2022-06-10 00:00:00-04:00,397.9136047363281,373.0859375,-6.239461767782439
SPY,BUY,POSITIVE,2022-06-07 00:00:00-04:00,2022-06-10 00:00:00-04:00,397.9136047363281,373.0859375,-6.239461767782439
SPY,BUY,POSITIVE,2022-06-07 00:00:00-04:00,2022-06-10 00:00:00-04:00,397.9136047363281,373.0859375,-6.239461767782439
SPY,BUY,POSITIVE,2022-06-07 00:00:00-04:00,2022-06-10 00:00:00-04:00,397.9136047363281,373.0859375,-6.239461767782439
SPY,BUY,POSITIVE,2022-06-07 00:00:00-04:00,2022-06-10 00:00:00-04:00,397.9136047363281,373.0859375,-6.239461767782439
SPY,BUY,POSITIVE,2022-06-07 00:00:00-04:00,2022-06-10 00:00:00-04:00,397.9136047363281,373.0859375,-6.239461767782439
SPY,BUY,POSITIVE,2022-06-07 00:00:00-04:00,2022-06-10 00:00:00-04:00,397.9136047363281,373.0859375,-6.239461767782439
SPY,BUY,POSITIVE,2022-06-07 00:00:00-04:00,2022-06-10 00:00:00-04:00,397.9136047363281,373.0859375,-6.239461767782439
SPY,BUY,POSITIVE,2022-06-07 00:00:00-04:00,2022-06-10 00:00:00-04:00,397.9136047363281,373.0859375,-6.239461767782439
SPY,BUY,POSITIVE,2022-06-07 00:00:00-04:00,2022-06-10 00:00:00-04:00,397.9136047363281,373.0859375,-6.239461767782439
SPY,SELL,NEGATIVE,2022-06-06 00:00:00-04:00,2022-06-09 00:00:00-04:00,394.13299560546875,384.2267761230469,2.5134204933042747
SPY,SELL,NEGATIVE,2022-06-06 00:00:00-04:00,2022-06-09 00:00:00-04:00,394.13299560546875,384.2267761230469,2.5134204933042747
SPY,BUY,POSITIVE,2022-06-02 00:00:00-04:00,2022-06-06 00:00:00-04:00,399.49285888671875,394.13299560546875,-1.3416668563704826
SPY,BUY,POSITIVE,2022-06-01 00:00:00-04:00,2022-06-06 00:00:00-04:00,392.02734375,394.13299560546875,0.5371186191572175
SPY,SELL,NEGATIVE,2022-05-31 00:00:00-04:00,2022-06-03 00:00:00-04:00,395.22412109375,392.9366149902344,0.5787870682551266
SPY,SELL,NEGATIVE,2022-05-31 00:00:00-04:00,2022-06-03 00:00:00-04:00,395.22412109375,392.9366149902344,0.5787870682551266
SPY,BUY,POSITIVE,2022-05-31 00:00:00-04:00,2022-06-03 00:00:00-04:00,395.22412109375,392.9366149902344,-0.5787870682551266
SPY,SELL,NEGATIVE,2022-05-31 00:00:00-04:00,2022-06-03 00:00:00-04:00,395.22412109375,392.9366149902344,0.5787870682551266
SPY,SELL,NEGATIVE,2022-05-31 00:00:00-04:00,2022-06-03 00:00:00-04:00,395.22412109375,392.9366149902344,0.5787870682551266
SPY,BUY,POSITIVE,2022-05-27 00:00:00-04:00,2022-05-31 00:00:00-04:00,397.4542541503906,395.22412109375,-0.5611043367513613
SPY,SELL,NEGATIVE,2022-05-27 00:00:00-04:00,2022-05-31 00:00:00-04:00,397.4542541503906,395.22412109375,0.5611043367513613
SPY,BUY,POSITIVE,2022-05-25 00:00:00-04:00,2022-05-31 00:00:00-04:00,380.331298828125,395.22412109375,3.91574985059413
SPY,BUY,POSITIVE,2022-05-25 00:00:00-04:00,2022-05-31 00:00:00-04:00,380.331298828125,395.22412109375,3.91574985059413
SPY,BUY,POSITIVE,2022-05-25 00:00:00-04:00,2022-05-31 00:00:00-04:00,380.331298828125,395.22412109375,3.91574985059413
SPY,BUY,POSITIVE,2022-05-25 00:00:00-04:00,2022-05-31 00:00:00-04:00,380.331298828125,395.22412109375,3.91574985059413
SPY,BUY,POSITIVE,2022-05-24 00:00:00-04:00,2022-05-27 00:00:00-04:00,377.0006103515625,397.4542541503906,5.425360924417233
SPY,BUY,POSITIVE,2022-05-24 00:00:00-04:00,2022-05-27 00:00:00-04:00,377.0006103515625,397.4542541503906,5.425360924417233
SPY,BUY,POSITIVE,2022-05-24 00:00:00-04:00,2022-05-27 00:00:00-04:00,377.0006103515625,397.4542541503906,5.425360924417233
SPY,BUY,POSITIVE,2022-05-23 00:00:00-04:00,2022-05-26 00:00:00-04:00,379.9006042480469,387.9308776855469,2.1137827494101202
SPY,BUY,POSITIVE,2022-05-23 00:00:00-04:00,2022-05-26 00:00:00-04:00,379.9006042480469,387.9308776855469,2.1137827494101202
SPY,BUY,POSITIVE,2022-05-23 00:00:00-04:00,2022-05-26 00:00:00-04:00,379.9006042480469,387.9308776855469,2.1137827494101202
SPY,BUY,POSITIVE,2022-05-23 00:00:00-04:00,2022-05-26 00:00:00-04:00,379.9006042480469,387.9308776855469,2.1137827494101202
SPY,BUY,POSITIVE,2022-05-23 00:00:00-04:00,2022-05-26 00:00:00-04:00,379.9006042480469,387.9308776855469,2.1137827494101202
SPY,BUY,POSITIVE,2022-05-20 00:00:00-04:00,2022-05-23 00:00:00-04:00,372.92315673828125,379.9006042480469,1.871014814631744
SPY,BUY,POSITIVE,2022-05-20 00:00:00-04:00,2022-05-23 00:00:00-04:00,372.92315673828125,379.9006042480469,1.871014814631744
SPY,BUY,POSITIVE,2022-05-20 00:00:00-04:00,2022-05-23 00:00:00-04:00,372.92315673828125,379.9006042480469,1.871014814631744
SPY,BUY,POSITIVE,2022-05-20 00:00:00-04:00,2022-05-23 00:00:00-04:00,372.92315673828125,379.9006042480469,1.871014814631744
SPY,BUY,POSITIVE,2022-05-20 00:00:00-04:00,2022-05-23 00:00:00-04:00,372.92315673828125,379.9006042480469,1.871014814631744
SPY,BUY,POSITIVE,2022-05-19 00:00:00-04:00,2022-05-23 00:00:00-04:00,372.760498046875,379.9006042480469,1.9154675022120982
SPY,BUY,POSITIVE,2022-01-05 00:00:00-05:00,2022-01-10 00:00:00-05:00,446.9081115722656,444.16973876953125,-0.6127373238092537
SPY,BUY,POSITIVE,2022-01-05 00:00:00-05:00,2022-01-10 00:00:00-05:00,446.9081115722656,444.16973876953125,-0.6127373238092537
SPY,SELL,STRONGLY_NEGATIVE,2022-01-03 00:00:00-05:00,2022-01-06 00:00:00-05:00,455.8103942871094,446.4883117675781,2.0451667264216433
SPY,SELL,NEGATIVE,2023-12-13 00:00:00-05:00,2023-12-18 00:00:00-05:00,461.27777099609375,464.594970703125,-0.7191327906107547
SPY,SELL,NEGATIVE,2023-12-18 00:00:00-05:00,2023-12-21 00:00:00-05:00,464.594970703125,465.3135681152344,-0.15467180176784723
SPY,BUY,POSITIVE,2023-12-20 00:00:00-05:00,2023-12-26 00:00:00-05:00,460.9429626464844,468.21746826171875,1.5781791251282096
SPY,BUY,POSITIVE,2023-12-21 00:00:00-05:00,2023-12-26 00:00:00-05:00,465.3135681152344,468.21746826171875,0.6240738171995996
SPY,BUY,POSITIVE,2024-04-15 00:00:00-04:00,2024-04-18 00:00:00-04:00,498.1103210449219,493.24224853515625,-0.9773080990479244
SPY,BUY,POSITIVE,2024-04-16 00:00:00-04:00,2024-04-19 00:00:00-04:00,497.2018737792969,488.9370422363281,-1.6622687843363626
SPY,SELL,NEGATIVE,2024-04-17 00:00:00-04:00,2024-04-22 00:00:00-04:00,494.2593078613281,493.4397277832031,0.16581985712547098
SPY,BUY,POSITIVE,2024-04-18 00:00:00-04:00,2024-04-22 00:00:00-04:00,493.24224853515625,493.4397277832031,0.040036969386414434
SPY,BUY,POSITIVE,2024-05-01 00:00:00-04:00,2024-05-06 00:00:00-04:00,494.06182861328125,510.0780334472656,3.241740994024611
SPY,BUY,POSITIVE,2024-05-09 00:00:00-04:00,2024-05-13 00:00:00-04:00,513.6326904296875,514.3634033203125,0.14226370405157063
SPY,SELL,NEGATIVE,2024-05-15 00:00:00-04:00,2024-05-20 00:00:00-04:00,523.1220092773438,523.3984375,-0.052842017302645594
SPY,BUY,POSITIVE,2024-05-15 00:00:00-04:00,2024-05-20 00:00:00-04:00,523.1220092773438,523.3984375,0.052842017302645594
SPY,SELL,NEGATIVE,2024-05-15 00:00:00-04:00,2024-05-20 00:00:00-04:00,523.1220092773438,523.3984375,-0.052842017302645594
SPY,BUY,POSITIVE,2024-05-28 00:00:00-04:00,2024-05-31 00:00:00-04:00,523.1515502929688,520.7422485351562,-0.4605361021033483
SPY,BUY,POSITIVE,2024-06-25 00:00:00-04:00,2024-06-28 00:00:00-04:00,539.7184448242188,539.1140747070312,-0.1119787776355019
SPY,SELL,NEGATIVE,2024-07-03 00:00:00-04:00,2024-07-08 00:00:00-04:00,546.2862548828125,550.0704345703125,-0.6927100313574241
SPY,BUY,POSITIVE,2024-07-11 00:00:00-04:00,2024-07-15 00:00:00-04:00,551.2590942382812,556.26171875,0.9074906090449586
SPY,BUY,POSITIVE,2024-07-18 00:00:00-04:00,2024-07-22 00:00:00-04:00,547.4749145507812,549.4463500976562,0.36009605088347385
SPY,SELL,NEGATIVE,2024-07-19 00:00:00-04:00,2024-07-22 00:00:00-04:00,543.8394165039062,549.4463500976562,-1.0309906607715913
SPY,SELL,STRONGLY_NEGATIVE,2024-07-19 00:00:00-04:00,2024-07-22 00:00:00-04:00,543.8394165039062,549.4463500976562,-1.0309906607715913
SPY,BUY,STRONGLY_POSITIVE,2024-07-22 00:00:00-04:00,2024-07-25 00:00:00-04:00,549.4463500976562,533.3585815429688,-2.9279962551081007
SPY,BUY,POSITIVE,2024-07-24 00:00:00-04:00,2024-07-29 00:00:00-04:00,536.1521606445312,539.6490478515625,0.652219176516522
SPY,BUY,STRONGLY_POSITIVE,2024-07-24 00:00:00-04:00,2024-07-29 00:00:00-04:00,536.1521606445312,539.6490478515625,0.652219176516522
SPY,BUY,STRONGLY_POSITIVE,2024-07-25 00:00:00-04:00,2024-07-29 00:00:00-04:00,533.3585815429688,539.6490478515625,1.1794065992893232
SPY,BUY,POSITIVE,2024-07-31 00:00:00-04:00,2024-08-05 00:00:00-04:00,545.642333984375,512.5259399414062,-6.069249392939713
SPY,BUY,POSITIVE,2024-08-02 00:00:00-04:00,2024-08-05 00:00:00-04:00,527.900390625,512.5259399414062,-2.9123772129418968
SPY,BUY,POSITIVE,2024-08-02 00:00:00-04:00,2024-08-05 00:00:00-04:00,527.900390625,512.5259399414062,-2.9123772129418968
SPY,SELL,STRONGLY_NEGATIVE,2024-08-02 00:00:00-04:00,2024-08-05 00:00:00-04:00,527.900390625,512.5259399414062,2.9123772129418968
SPY,BUY,POSITIVE,2024-08-07 00:00:00-04:00,2024-08-12 00:00:00-04:00,513.7938842773438,528.2669067382812,2.816892708112695
SPY,BUY,POSITIVE,2024-08-29 00:00:00-04:00,2024-09-03 00:00:00-04:00,553.1115112304688,546.9004516601562,-1.1229308094664603
SPY,BUY,POSITIVE,2024-08-29 00:00:00-04:00,2024-09-03 00:00:00-04:00,553.1115112304688,546.9004516601562,-1.1229308094664603
SPY,BUY,POSITIVE,2024-09-03 00:00:00-04:00,2024-09-06 00:00:00-04:00,546.9004516601562,535.290283203125,-2.1229034318380524
SPY,BUY,POSITIVE,2024-09-03 00:00:00-04:00,2024-09-06 00:00:00-04:00,546.9004516601562,535.290283203125,-2.1229034318380524
SPY,BUY,POSITIVE,2024-09-03 00:00:00-04:00,2024-09-06 00:00:00-04:00,546.9004516601562,535.290283203125,-2.1229034318380524
SPY,BUY,POSITIVE,2024-09-03 00:00:00-04:00,2024-09-06 00:00:00-04:00,546.9004516601562,535.290283203125,-2.1229034318380524
SPY,BUY,POSITIVE,2024-09-04 00:00:00-04:00,2024-09-09 00:00:00-04:00,545.781005859375,541.2835083007812,-0.8240480174849796
SPY,BUY,POSITIVE,2024-09-04 00:00:00-04:00,2024-09-09 00:00:00-04:00,545.781005859375,541.2835083007812,-0.8240480174849796
SPY,BUY,POSITIVE,2024-09-04 00:00:00-04:00,2024-09-09 00:00:00-04:00,545.781005859375,541.2835083007812,-0.8240480174849796
SPY,BUY,POSITIVE,2024-09-04 00:00:00-04:00,2024-09-09 00:00:00-04:00,545.781005859375,541.2835083007812,-0.8240480174849796
SPY,BUY,POSITIVE,2024-09-04 00:00:00-04:00,2024-09-09 00:00:00-04:00,545.781005859375,541.2835083007812,-0.8240480174849796
SPY,BUY,POSITIVE,2023-11-07 00:00:00-05:00,2023-11-10 00:00:00-05:00,428.36572265625,431.9736022949219,0.842242842471097
SPY,BUY,POSITIVE,2023-11-07 00:00:00-05:00,2023-11-10 00:00:00-05:00,428.36572265625,431.9736022949219,0.842242842471097
SPY,BUY,POSITIVE,2023-08-22 00:00:00-04:00,2023-08-25 00:00:00-04:00,428.05194091796875,429.8300476074219,0.4153950769712589
SPY,BUY,POSITIVE,2023-08-18 00:00:00-04:00,2023-08-21 00:00:00-04:00,426.4399719238281,429.2145080566406,0.650627594851283
SPY,BUY,POSITIVE,2023-08-16 00:00:00-04:00,2023-08-21 00:00:00-04:00,429.5076599121094,429.2145080566406,-0.06825299821864306
SPY,BUY,POSITIVE,2023-08-09 00:00:00-04:00,2023-08-14 00:00:00-04:00,435.4767761230469,437.7823486328125,0.5294363870081975
SPY,BUY,POSITIVE,2023-08-09 00:00:00-04:00,2023-08-14 00:00:00-04:00,435.4767761230469,437.7823486328125,0.5294363870081975
SPY,BUY,POSITIVE,2023-08-04 00:00:00-04:00,2023-08-07 00:00:00-04:00,436.5123291015625,440.3224792480469,0.8728619771923629
SPY,BUY,STRONGLY_POSITIVE,2023-07-13 00:00:00-04:00,2023-07-17 00:00:00-04:00,439.198974609375,440.4494934082031,0.2847271672117069
SPY,BUY,STRONGLY_POSITIVE,2023-07-13 00:00:00-04:00,2023-07-17 00:00:00-04:00,439.198974609375,440.4494934082031,0.2847271672117069
SPY,BUY,POSITIVE,2023-07-10 00:00:00-04:00,2023-07-13 00:00:00-04:00,429.5271911621094,439.198974609375,2.251727864095887
SPY,BUY,POSITIVE,2023-07-10 00:00:00-04:00,2023-07-13 00:00:00-04:00,429.5271911621094,439.198974609375,2.251727864095887
SPY,BUY,POSITIVE,2023-07-10 00:00:00-04:00,2023-07-13 00:00:00-04:00,429.5271911621094,439.198974609375,2.251727864095887
SPY,BUY,POSITIVE,2023-07-10 00:00:00-04:00,2023-07-13 00:00:00-04:00,429.5271911621094,439.198974609375,2.251727864095887
SPY,SELL,NEGATIVE,2023-06-08 00:00:00-04:00,2023-06-12 00:00:00-04:00,417.68829345703125,422.2337646484375,-1.0882448138024747
SPY,BUY,POSITIVE,2023-06-05 00:00:00-04:00,2023-06-08 00:00:00-04:00,415.7124328613281,417.68829345703125,0.475295045207913
SPY,BUY,POSITIVE,2023-05-24 00:00:00-04:00,2023-05-30 00:00:00-04:00,400.1292724609375,408.9768981933594,2.2111918175858003
SPY,BUY,POSITIVE,2023-05-19 00:00:00-04:00,2023-05-22 00:00:00-04:00,407.45849609375,407.62396240234375,0.04060936516971925
SPY,BUY,POSITIVE,2023-05-10 00:00:00-04:00,2023-05-15 00:00:00-04:00,401.84234619140625,401.99810791015625,0.038761897601458095
SPY,SELL,STRONGLY_NEGATIVE,2023-05-08 00:00:00-04:00,2023-05-11 00:00:00-04:00,401.7352600097656,401.14154052734375,0.14778874087563176
SPY,SELL,NEGATIVE,2023-05-08 00:00:00-04:00,2023-05-11 00:00:00-04:00,401.7352600097656,401.14154052734375,0.14778874087563176
SPY,BUY,POSITIVE,2023-04-14 00:00:00-04:00,2023-04-17 00:00:00-04:00,401.46270751953125,402.9033203125,0.3588409996708508
SPY,BUY,POSITIVE,2023-04-10 00:00:00-04:00,2023-04-13 00:00:00-04:00,398.688720703125,402.4458312988281,0.9423669144883462
SPY,BUY,POSITIVE,2023-04-04 00:00:00-04:00,2023-04-10 00:00:00-04:00,397.7738037109375,398.688720703125,0.23000936302290942
SPY,BUY,POSITIVE,2023-04-04 00:00:00-04:00,2023-04-10 00:00:00-04:00,397.7738037109375,398.688720703125,0.23000936302290942
SPY,BUY,POSITIVE,2023-03-31 00:00:00-04:00,2023-04-03 00:00:00-04:00,398.474609375,399.9930114746094,0.3810536641195128
SPY,BUY,POSITIVE,2023-03-20 00:00:00-04:00,2023-03-23 00:00:00-04:00,383.2418212890625,382.6870422363281,-0.14475952829686722
SPY,BUY,POSITIVE,2023-03-02 00:00:00-05:00,2023-03-06 00:00:00-05:00,385.7312316894531,392.18896484375,1.674153561798164
SPY,SELL,STRONGLY_NEGATIVE,2023-02-27 00:00:00-05:00,2023-03-02 00:00:00-05:00,385.6537170410156,385.7312316894531,-0.020099546565299775
SPY,BUY,POSITIVE,2023-02-27 00:00:00-05:00,2023-03-02 00:00:00-05:00,385.6537170410156,385.7312316894531,0.020099546565299775
SPY,BUY,POSITIVE,2023-02-24 00:00:00-05:00,2023-02-27 00:00:00-05:00,384.3446350097656,385.6537170410156,0.3406010939158044
SPY,SELL,STRONGLY_NEGATIVE,2023-02-24 00:00:00-05:00,2023-02-27 00:00:00-05:00,384.3446350097656,385.6537170410156,-0.3406010939158044
SPY,BUY,POSITIVE,2023-02-21 00:00:00-05:00,2023-02-24 00:00:00-05:00,386.97235107421875,384.3446350097656,-0.6790449129398302
SPY,BUY,POSITIVE,2023-02-02 00:00:00-05:00,2023-02-06 00:00:00-05:00,404.125244140625,397.3862609863281,-1.6675481801755265
SPY,BUY,POSITIVE,2023-02-02 00:00:00-05:00,2023-02-06 00:00:00-05:00,404.125244140625,397.3862609863281,-1.6675481801755265
SPY,BUY,POSITIVE,2023-02-02 00:00:00-05:00,2023-02-06 00:00:00-05:00,404.125244140625,397.3862609863281,-1.6675481801755265
SPY,BUY,POSITIVE,2023-02-01 00:00:00-05:00,2023-02-06 00:00:00-05:00,398.3268127441406,397.3862609863281,-0.2361256455052252
SPY,SELL,STRONGLY_NEGATIVE,2023-02-01 00:00:00-05:00,2023-02-06 00:00:00-05:00,398.3268127441406,397.3862609863281,0.2361256455052252
SPY,SELL,NEGATIVE,2023-02-01 00:00:00-05:00,2023-02-06 00:00:00-05:00,398.3268127441406,397.3862609863281,0.2361256455052252
SPY,BUY,STRONGLY_POSITIVE,2023-01-27 00:00:00-05:00,2023-01-30 00:00:00-05:00,393.3622741699219,388.4267883300781,-1.2546922173100272
SPY,BUY,STRONGLY_POSITIVE,2023-01-27 00:00:00-05:00,2023-01-30 00:00:00-05:00,393.3622741699219,388.4267883300781,-1.2546922173100272
SPY,SELL,STRONGLY_NEGATIVE,2023-01-26 00:00:00-05:00,2023-01-30 00:00:00-05:00,392.4604797363281,388.4267883300781,1.0277955652910564
SPY,BUY,STRONGLY_POSITIVE,2023-01-26 00:00:00-05:00,2023-01-30 00:00:00-05:00,392.4604797363281,388.4267883300781,-1.0277955652910564
SPY,SELL,STRONGLY_NEGATIVE,2023-01-26 00:00:00-05:00,2023-01-30 00:00:00-05:00,392.4604797363281,388.4267883300781,1.0277955652910564
SPY,BUY,POSITIVE,2023-01-25 00:00:00-05:00,2023-01-30 00:00:00-05:00,388.19415283203125,388.4267883300781,0.05992761517650269
SPY,BUY,POSITIVE,2023-01-25 00:00:00-05:00,2023-01-30 00:00:00-05:00,388.19415283203125,388.4267883300781,0.05992761517650269
SPY,BUY,POSITIVE,2023-01-23 00:00:00-05:00,2023-01-26 00:00:00-05:00,388.465576171875,392.4604797363281,1.0283803274979464
SPY,BUY,POSITIVE,2023-01-20 00:00:00-05:00,2023-01-23 00:00:00-05:00,383.8598327636719,388.465576171875,1.1998503138614947
SPY,BUY,STRONGLY_POSITIVE,2023-01-06 00:00:00-05:00,2023-01-09 00:00:00-05:00,376.2966613769531,376.0832824707031,-0.056704969283860596
SPY,BUY,POSITIVE,2023-01-06 00:00:00-05:00,2023-01-09 00:00:00-05:00,376.2966613769531,376.0832824707031,-0.056704969283860596
SPY,BUY,POSITIVE,2023-01-06 00:00:00-05:00,2023-01-09 00:00:00-05:00,376.2966613769531,376.0832824707031,-0.056704969283860596
SPY,SELL,NEGATIVE,2023-01-05 00:00:00-05:00,2023-01-09 00:00:00-05:00,367.8608093261719,376.0832824707031,-2.2352131393373442
SPY,SELL,STRONGLY_NEGATIVE,2023-01-04 00:00:00-05:00,2023-01-09 00:00:00-05:00,372.1077575683594,376.0832824707031,-1.0683800112964326
SPY,BUY,POSITIVE,2022-12-20 00:00:00-05:00,2022-12-23 00:00:00-05:00,368.985595703125,371.2835998535156,0.6227896636484154
SPY,BUY,POSITIVE,2022-12-16 00:00:00-05:00,2022-12-19 00:00:00-05:00,371.6326904296875,368.4813232421875,-0.8479790041765023
SPY,BUY,POSITIVE,2022-12-14 00:00:00-05:00,2022-12-19 00:00:00-05:00,385.5027160644531,368.4813232421875,-4.415375589576853
SPY,SELL,STRONGLY_NEGATIVE,2022-12-13 00:00:00-05:00,2022-12-16 00:00:00-05:00,387.9832458496094,371.6326904296875,4.214242649606503
SPY,SELL,NEGATIVE,2022-12-12 00:00:00-05:00,2022-12-15 00:00:00-05:00,385.068359375,376.0726318359375,2.3361378103522568
SPY,BUY,POSITIVE,2022-12-05 00:00:00-05:00,2022-12-08 00:00:00-05:00,385.6861267089844,382.45269775390625,-0.8383575999138526
SPY,BUY,POSITIVE,2022-12-05 00:00:00-05:00,2022-12-08 00:00:00-05:00,385.6861267089844,382.45269775390625,-0.8383575999138526
SPY,BUY,POSITIVE,2022-12-01 00:00:00-05:00,2022-12-05 00:00:00-05:00,393.20501708984375,385.6861267089844,-1.9122061148933334
SPY,BUY,POSITIVE,2022-11-30 00:00:00-05:00,2022-12-05 00:00:00-05:00,393.4945983886719,385.6861267089844,-1.9843910721170088
SPY,BUY,POSITIVE,2022-11-30 00:00:00-05:00,2022-12-05 00:00:00-05:00,393.4945983886719,385.6861267089844,-1.9843910721170088
SPY,BUY,POSITIVE,2022-11-30 00:00:00-05:00,2022-12-05 00:00:00-05:00,393.4945983886719,385.6861267089844,-1.9843910721170088
SPY,BUY,POSITIVE,2022-11-30 00:00:00-05:00,2022-12-05 00:00:00-05:00,393.4945983886719,385.6861267089844,-1.9843910721170088
SPY,BUY,POSITIVE,2022-11-18 00:00:00-05:00,2022-11-21 00:00:00-05:00,382.24993896484375,380.8600769042969,-0.3636003355057982
SPY,BUY,POSITIVE,2022-11-17 00:00:00-05:00,2022-11-21 00:00:00-05:00,380.5222473144531,380.8600769042969,0.08878050947822569
SPY,BUY,POSITIVE,2022-11-17 00:00:00-05:00,2022-11-21 00:00:00-05:00,380.5222473144531,380.8600769042969,0.08878050947822569
SPY,BUY,POSITIVE,2022-11-15 00:00:00-05:00,2022-11-18 00:00:00-05:00,384.6243591308594,382.24993896484375,-0.6173348384333033
SPY,BUY,POSITIVE,2022-11-14 00:00:00-05:00,2022-11-17 00:00:00-05:00,381.37164306640625,380.5222473144531,-0.22272126609194087
SPY,SELL,NEGATIVE,2022-11-14 00:00:00-05:00,2022-11-17 00:00:00-05:00,381.37164306640625,380.5222473144531,0.22272126609194087
SPY,SELL,NEGATIVE,2022-11-10 00:00:00-05:00,2022-11-14 00:00:00-05:00,380.9566345214844,381.37164306640625,-0.10893852667592796
SPY,BUY,POSITIVE,2022-11-08 00:00:00-05:00,2022-11-11 00:00:00-05:00,368.7081298828125,384.6436767578125,4.321994982878419
SPY,BUY,POSITIVE,2022-11-03 00:00:00-04:00,2022-11-07 00:00:00-05:00,358.1005554199219,366.7294921875,2.409640710403127
SPY,BUY,POSITIVE,2022-10-14 00:00:00-04:00,2022-10-17 00:00:00-04:00,345.1860656738281,354.05633544921875,2.5697067922122674
SPY,BUY,POSITIVE,2022-10-07 00:00:00-04:00,2022-10-10 00:00:00-04:00,350.16656494140625,347.492919921875,-0.7635352107299709
SPY,BUY,STRONGLY_POSITIVE,2022-10-06 00:00:00-04:00,2022-10-10 00:00:00-04:00,360.21435546875,347.492919921875,-3.531629251788282
SPY,BUY,POSITIVE,2022-10-04 00:00:00-04:00,2022-10-07 00:00:00-04:00,364.8183288574219,350.16656494140625,-4.016180865118157
SPY,BUY,POSITIVE,2022-10-04 00:00:00-04:00,2022-10-07 00:00:00-04:00,364.8183288574219,350.16656494140625,-4.016180865118157
SPY,BUY,POSITIVE,2022-10-03 00:00:00-04:00,2022-10-06 00:00:00-04:00,353.85357666015625,360.21435546875,1.797573693794452
SPY,BUY,POSITIVE,2022-09-30 00:00:00-04:00,2022-10-03 00:00:00-04:00,344.75177001953125,353.85357666015625,2.6401043974652705
SPY,BUY,POSITIVE,2022-09-29 00:00:00-04:00,2022-10-03 00:00:00-04:00,350.16656494140625,353.85357666015625,1.0529308300371243
SPY,BUY,POSITIVE,2022-09-27 00:00:00-04:00,2022-09-30 00:00:00-04:00,350.7360534667969,344.75177001953125,-1.7062071002153623
SPY,BUY,POSITIVE,2022-09-27 00:00:00-04:00,2022-09-30 00:00:00-04:00,350.7360534667969,344.75177001953125,-1.7062071002153623
SPY,SELL,NEGATIVE,2022-09-19 00:00:00-04:00,2022-09-22 00:00:00-04:00,375.0301513671875,361.1988220214844,3.688057958881563
SPY,BUY,POSITIVE,2022-09-19 00:00:00-04:00,2022-09-22 00:00:00-04:00,375.0301513671875,361.1988220214844,-3.688057958881563
SPY,BUY,POSITIVE,2022-09-16 00:00:00-04:00,2022-09-19 00:00:00-04:00,372.14422607421875,375.0301513671875,0.7754857097777901
SPY,BUY,STRONGLY_POSITIVE,2022-09-16 00:00:00-04:00,2022-09-19 00:00:00-04:00,372.14422607421875,375.0301513671875,0.7754857097777901
SPY,SELL,NEGATIVE,2022-09-15 00:00:00-04:00,2022-09-19 00:00:00-04:00,375.0050964355469,375.0301513671875,-0.006681224303028976
SPY,BUY,POSITIVE,2022-09-12 00:00:00-04:00,2022-09-15 00:00:00-04:00,395.0473327636719,375.0050964355469,-5.073375939007995
SPY,BUY,POSITIVE,2022-09-12 00:00:00-04:00,2022-09-15 00:00:00-04:00,395.0473327636719,375.0050964355469,-5.073375939007995
SPY,BUY,POSITIVE,2022-09-12 00:00:00-04:00,2022-09-15 00:00:00-04:00,395.0473327636719,375.0050964355469,-5.073375939007995
SPY,BUY,POSITIVE,2022-09-09 00:00:00-04:00,2022-09-12 00:00:00-04:00,390.8466491699219,395.0473327636719,1.07476515474072
SPY,BUY,POSITIVE,2022-09-09 00:00:00-04:00,2022-09-12 00:00:00-04:00,390.8466491699219,395.0473327636719,1.07476515474072
SPY,SELL,NEGATIVE,2022-08-30 00:00:00-04:00,2022-09-02 00:00:00-04:00,382.78167724609375,377.0429992675781,1.4992039378170618
SPY,BUY,POSITIVE,2022-08-30 00:00:00-04:00,2022-09-02 00:00:00-04:00,382.78167724609375,377.0429992675781,-1.4992039378170618
SPY,BUY,POSITIVE,2022-08-29 00:00:00-04:00,2022-09-01 00:00:00-04:00,387.0304870605469,381.06103515625,-1.542372527196545
SPY,BUY,POSITIVE,2022-08-29 00:00:00-04:00,2022-09-01 00:00:00-04:00,387.0304870605469,381.06103515625,-1.542372527196545
SPY,BUY,POSITIVE,2022-08-29 00:00:00-04:00,2022-09-01 00:00:00-04:00,387.0304870605469,381.06103515625,-1.542372527196545
SPY,BUY,POSITIVE,2022-08-29 00:00:00-04:00,2022-09-01 00:00:00-04:00,387.0304870605469,381.06103515625,-1.542372527196545
SPY,BUY,POSITIVE,2022-08-26 00:00:00-04:00,2022-08-29 00:00:00-04:00,389.60662841796875,387.0304870605469,-0.6612159982704924
SPY,BUY,POSITIVE,2022-08-23 00:00:00-04:00,2022-08-26 00:00:00-04:00,396.37384033203125,389.60662841796875,-1.7072801546120675
SPY,BUY,POSITIVE,2022-08-22 00:00:00-04:00,2022-08-25 00:00:00-04:00,397.3351135253906,403.2564697265625,1.4902675347854721
SPY,SELL,STRONGLY_NEGATIVE,2022-08-17 00:00:00-04:00,2022-08-22 00:00:00-04:00,410.11981201171875,397.3351135253906,3.117308189432899
SPY,BUY,POSITIVE,2022-08-17 00:00:00-04:00,2022-08-22 00:00:00-04:00,410.11981201171875,397.3351135253906,-3.117308189432899
SPY,BUY,POSITIVE,2022-08-12 00:00:00-04:00,2022-08-15 00:00:00-04:00,410.5523986816406,412.24420166015625,0.41207967215592944
SPY,BUY,POSITIVE,2022-07-29 00:00:00-04:00,2022-08-01 00:00:00-04:00,396.0278015136719,394.8550720214844,-0.2961230215922095
SPY,BUY,POSITIVE,2022-07-13 00:00:00-04:00,2022-07-18 00:00:00-04:00,364.152587890625,367.1517333984375,0.8235958242629016
SPY,BUY,POSITIVE,2022-07-13 00:00:00-04:00,2022-07-18 00:00:00-04:00,364.152587890625,367.1517333984375,0.8235958242629016
SPY,BUY,POSITIVE,2022-07-11 00:00:00-04:00,2022-07-14 00:00:00-04:00,369.3433532714844,363.2682189941406,-1.6448473279762066
SPY,BUY,POSITIVE,2022-07-06 00:00:00-04:00,2022-07-11 00:00:00-04:00,368.4012756347656,369.3433532714844,0.2557205142939667
SPY,BUY,POSITIVE,2022-07-01 00:00:00-04:00,2022-07-05 00:00:00-04:00,366.4692077636719,367.16131591796875,0.1888584742277155
SPY,SELL,NEGATIVE,2022-06-29 00:00:00-04:00,2022-07-05 00:00:00-04:00,365.6040344238281,367.16131591796875,-0.42594756827418756
SPY,BUY,POSITIVE,2022-06-27 00:00:00-04:00,2022-06-30 00:00:00-04:00,373.5343933105469,362.6337585449219,-2.9182412545777248
SPY,BUY,POSITIVE,2022-06-21 00:00:00-04:00,2022-06-24 00:00:00-04:00,360.5382080078125,374.9666748046875,4.0019244774640805
SPY,BUY,POSITIVE,2022-06-17 00:00:00-04:00,2022-06-21 00:00:00-04:00,351.6850280761719,360.5382080078125,2.5173604859070275
SPY,BUY,POSITIVE,2022-06-16 00:00:00-04:00,2022-06-21 00:00:00-04:00,350.9285888671875,360.5382080078125,2.7383403477172497
SPY,BUY,POSITIVE,2022-06-16 00:00:00-04:00,2022-06-21 00:00:00-04:00,350.9285888671875,360.5382080078125,2.7383403477172497
SPY,BUY,POSITIVE,2022-06-14 00:00:00-04:00,2022-06-17 00:00:00-04:00,357.8389892578125,351.6850280761719,-1.7197570321793143
SPY,BUY,POSITIVE,2022-06-07 00:00:00-04:00,2022-06-10 00:00:00-04:00,397.9136047363281,373.0859375,-6.239461767782439
SPY,BUY,POSITIVE,2022-06-06 00:00:00-04:00,2022-06-09 00:00:00-04:00,394.13299560546875,384.2267761230469,-2.5134204933042747
SPY,SELL,NEGATIVE,2022-06-01 00:00:00-04:00,2022-06-06 00:00:00-04:00,392.02734375,394.13299560546875,-0.5371186191572175
SPY,BUY,POSITIVE,2022-05-31 00:00:00-04:00,2022-06-03 00:00:00-04:00,395.22412109375,392.9366149902344,-0.5787870682551266
SPY,BUY,POSITIVE,2022-05-27 00:00:00-04:00,2022-05-31 00:00:00-04:00,397.4542541503906,395.22412109375,-0.5611043367513613
SPY,BUY,POSITIVE,2022-05-23 00:00:00-04:00,2022-05-26 00:00:00-04:00,379.9006042480469,387.9308776855469,2.1137827494101202
SPY,BUY,POSITIVE,2022-05-20 00:00:00-04:00,2022-05-23 00:00:00-04:00,372.92315673828125,379.9006042480469,1.871014814631744
SPY,BUY,POSITIVE,2022-05-20 00:00:00-04:00,2022-05-23 00:00:00-04:00,372.92315673828125,379.9006042480469,1.871014814631744
SPY,SELL,NEGATIVE,2022-01-03 00:00:00-05:00,2022-01-06 00:00:00-05:00,455.8103942871094,446.4883117675781,2.0451667264216433
